20171117,Mike and Nathaniel’s Week in Tech: Everybody Loves Bitcoin
20171108,Bitcoin Expansion Is Off the Table. At Least for Now.
20171106,Hedge Funds Push the Price of Bitcoin to New Highs
20171106,Donors Use Bitcoin for Tax Benefits and to Keep Tabs on Spending
20171027,How Floyd Mayweather Helped Two Young Guys From Miami Get Rich
20171027,An Explanation of Initial Coin Offerings
20171001,Understanding Ethereum Bitcoin’s Virtual Cousin
20171001,What Is Bitcoin and How Does It Work?
20171001,Bitcoin Bug Bites Japan and South Korea as China Clamps Down
20170929,Digital Currencies Are Growing on Faltering Foundations
20170918,What Jamie Dimon Is Missing About Bitcoin
20170915,Is There a Cryptocurrency Bubble? Just Ask Doge.
20170914,China Bitcoin Exchange to Stop Trading Virtual Currencies Amid Crackdown
20170913,In China’s Hinterlands Workers Mine Bitcoin for a Digital Fortune
20170814,Bitcoin Price Surges After Agreement on Software Update
20170812,Mike’s and Katie’s Week in Tech: Uber Infighting and the Google Memo
20170803,Grandpa Had a Pension. This Generation Has Cryptocurrency.
20170727,Bitcoin Exchange Was a Nexus of Crime Indictment Says
20170725,Some Bitcoin Backers Are Defecting to Create a Rival Currency
20170706,AlphaBay Biggest Online Drug Bazaar Goes Dark and Questions Swirl
20170624,Easiest Path to Riches on the Web? An Initial Coin Offering
20170619,Move Over Bitcoin. Ether Is the Digital Currency of the Moment.
20170605,Ask the Sketch Guy: Should I Finally Buy Some Bitcoin?
20170517,With Ransomware It’s Pay and Embolden Perpetrators or Lose Precious Data
20170515,What Is Bitcoin? All About the Mysterious Digital Currency
20170515,How to Catch Hackers? Old-School Sleuthing With a Digital Twist
20170513,With New Digital Tools Even Nonexperts Can Wage Cyberattacks
20170310,S.E.C. Rejects Winklevoss Brothers’ Bid to Create Bitcoin E.T.F.
20170304,Blockchain: A Better Way to Track Pork Chops Bonds Bad Peanut Butter?
20170227,Business Giants to Announce Creation of a Computing System Based on Ethereum
20170130,Hackers Use New Tactic at Austrian Hotel: Locking the Doors
20170109,Wall Street Clearinghouse to Adopt Bitcoin Technology
20170104,Bitcoin Price Soars Fueled by Speculation and Global Currency Turmoil
20161205,As Fintech Comes of Age Government Seeks an Oversight Role
20161118,Bitcoin Users Who Evade Taxes Are Sought by the I.R.S.
20161101,Zcash a Harder-to-Trace Virtual Currency Generates Price Frenzy
20161014,Canada Today: Economic Bright Spots and Some Disquieting Mail
20161011,Central Banks Consider Bitcoin’s Technology if Not Bitcoin
20160909,Downside of Bitcoin: A Ledger That Can’t Be Corrected
20160812,Envisioning Bitcoin’s Technology at the Heart of Global Finance
20160803,Bitcoin Plunges After Hacking of Exchange in Hong Kong
20160803,Morning Agenda: Profit at HSBC Plummets
20160708,Morning Agenda: Growing Unease as British Mutual Funds Block the Exit Doors
20160629,Mining for Bitcoin in China
20160629,How China Took Center Stage in Bitcoin’s Civil War
20160629,Mining for Bitcoin in China
20160622,Morning Agenda: Elon Musk Wants to Merge SolarCity With Tesla
20160617,A Hacking of More Than $50 Million Dashes Hopes in the World of Virtual Currency
20160528,Paper Points Up Flaws in Venture Fund Based on Virtual Money
20160526,Morning Agenda: Peter Thiel’s Secret War With Gawker
20160526,Mt. Gox Creditors Seek Trillions Where There Are Only Millions
20160522,A Venture Fund With Plenty of Virtual Capital but No Capitalist
20160506,Morning Agenda:  Donald Trump Names Hedge Fund Manager as National Finance Chairman
20160505,Australian Ends Attempt to Prove He Founded Bitcoin
20160502,Australian Says He Created Bitcoin
20160502,He’s Bitcoin’s Creator He Says but Skeptics Pounce on His Claim
20160406,For Fintech Start-Ups Efforts to Rethink Rules That Cramp Innovation
20160406,Ripple Aims to Put Every Transaction on One Ledger
20160406,Bitcoin Start-Up Gets an Electronic Money License in Britain
20160328,Morning Agenda: Ethereum Challenges Bitcoin
20160327,Ethereum a Virtual Currency Enables Transactions That Rival Bitcoin’s
20160302,Morning Agenda: Shale Baron Is Charged in Rigging of Leases
20160216,Morning Agenda: Stock Markets Spring Back
20160212,Morning Agenda: Fears Over Central Bank Moves
20160121,Funds Roll In for Start-Up Harnessing Bitcoin Tech
20160115,Morning Agenda: Morgan Stanley Heeds Investors
20160114,A Bitcoin Believer’s Crisis of Faith
20151228,Start-Up With Bitcoin in Its DNA Stumbles on Fund-Raising Trail
20151217,Morning Agenda:  Janet Yellen’s New Risk Manager Role
20151216,Morning Agenda: All Eyes on the Federal Reserve
20151212,Farhad and Mike’s Week in Tech: Tempering Walmart’s Digital Ambitions
20151209,Likely Bitcoin Creator’s Home Searched
20151209,Morning Agenda: Dow Chemical and DuPont Said to Discuss Merger
20151209,Australian Police Raid Home of Man Said to Be Likely Creator of Bitcoin
20151125,Morning Agenda: Treasury Secretary Warns Foes of Dodd-Frank
20151124,Dream of New Kind of Credit Union Is Extinguished by Bureaucracy
20151118,Morning Agenda: Lyft Is Said to Seek $500 Million
20151105,Bitcoin Surges Emerging From a Lull in Interest
20151104,Bitcoin Basics
20151012,Morning Agenda: Dell Strikes Record Deal to Take Over EMC
20151005,Winklevoss Twins Win Approval to Open Bitcoin Exchange
20151005,Morning Agenda: American Apparel Files for Bankruptcy
20150925,Morning Agenda: Dollar Rises After Yellen’s Talk
20150921,The Benefits of Allowing Bitcoin to Flourish
20150911,Morning Agenda: Avon in Talks to Sell a Stake
20150910,Morning Agenda: Justice Department Sets Sights on Wall Street Executives
20150901,Morning Agenda: David Einhorn Surveys Investors
20150831,Morning Agenda: Challenges on All Sides for the Fed
20150828,Bitcoin Technology Piques Interest on Wall St.
20150811,DealBook: Stock Buybacks Draw Scrutiny
20150810,Man Charged in Bitcoin Scheme Appears in New York Court
20150801,Mark Karpeles Chief of Bankrupt Bitcoin Exchange Is Arrested in Tokyo
20150728,U.S. Extends Investigation of JPMorgan Chase Hacking
20150727,The World Wide Web the New Frontier in Fraud
20150727,Morning Agenda: Teva to Buy Allergan Generic Drug Unit
20150725,For Ransom Bitcoin Replaces the Bag of Bills
20150723,5 Men 2 Fraud Schemes and a Possible Link to JPMorgan Chase Hacking
20150702,Nathaniel Popper’s ‘Digital Gold’ Looks at Bitcoin
20150603,Bitcoin Rules Completed by New York Regulator
20150519,Demystifying Bitcoin’s Labyrinth
20150515,Daily Report: Unearthing the Enigma of Bitcoin’s Birth
20150515,Decoding the Enigma of Satoshi Nakamoto and the Birth of Bitcoin
20150511,Morning Agenda: Speedy Start-Up Financing
20150508,Morning Agenda: 2 Banks Agree to Erase Zombie Debts
20150507,Winner in Race Among Bitcoin Exchanges
20150507,Bitcoin Exchange Receives First License in New York State
20150501,Bitcoin Comes Out of the Shadows and Into Wall Street’s Sights
20150430,In Code We Trust
20150430,Morning Agenda: Salesforce Said to be Preparing for Takeover Offers
20150430,Goldman and IDG Put $50 Million to Work in a Bitcoin Company
20150429,Can Bitcoin Conquer Argentina?
20150409,In Accepting Bitcoin Rand Paul Raises Money and Questions
20150321,What’s New Pussycat? Meerkat!
20150318,‘The Age of Cryptocurrency’ by Paul Vigna and Michael J. Casey
20150311,Former JPMorgan Executive Blythe Masters Joins Bitcoin-Related Start-Up
20150305,U.S. Auction Suggests Lingering Interest in Bitcoin
20150301,Data Security Is Becoming the Sparkle in Bitcoin
20150218,U.S. Announces Third Bitcoin Auction
20150212,Larry Summers Likes the Idea of Bitcoin
20150210,Hong Kong Issues Warning About Bitcoin
20150128,Coinbase a Bitcoin Exchange Is Operating Without Licenses So Far
20150122,Winklevoss Twins Aim to Take Bitcoin Mainstream
20150120,Coinbase a Bitcoin Start-Up Raises $75 Million in Vote of Confidence
20150116,Bitcoin Is a Victim of Disinflation
20150115,Focus Is on Bitcoin Trader at Trial Over Silk Road Black Market
20150113,As Bitcoin's Price Slides Signs of a Squeeze
20150106,Jitters After Bitcoin Exchange Suspends Services
20150102,How My Mom Got Hacked
20150102,Bitcoin Foundation Parts Ways With Its Global Policy Counsel
20141218,New York Regulator Outlines Changes to Bitcoin Rules
20141216,Time Inc. Begins Accepting Bitcoin Payments
20141211,American Express Chief Ken Chenault Sees Potential in Bitcoin's Technology
20141211,Ex-JPMorgan Executive to Join Circle a Digital Currency Start-Up
20141209,At an Auction of Bitcoins Seized From Silk Road SecondMarket Wins Big
20141205,Venture Capitalist Tim Draper Wins Small Piece of Bitcoin Auction
20141204,Second Bitcoin Auction Draws Fewer Bidders
20141125,Trustee Moves to Repay Creditors in Mt. Gox Bitcoin Exchange
20141117,Another Bitcoin Auction to Be Held by U.S. Marshals
20141030,Bitcoin Foundation's Executive Director Jon Matonis Resigns
20141028,Former S.E.C. Chairman to Advise Two Prominent Bitcoin Companies
20141013,Senate Adviser Jumps to Bitcoin Start-Up Coinbase
20141006,Blockchain Is Latest Bitcoin Start-Up to Lure Big Investment
20141005,Price of Bitcoin Tumbles
20141002,Financial Wild West
20140911,The Digital Wallet Revolution
20140910,Coinbase Extends Bitcoin Access to International Customers
20140908,Braintree Popular Payments Processor to Accept Bitcoin
20140904,Charles Shrem Bitcoin Supporter Pleads Guilty in Court
20140830,Top Bitcoin Proponent to Plead Guilty to Federal Charge
20140830,Hal Finney Cryptographer and Bitcoin Pioneer Dies at 58
20140826,Election Panel Enacts Policies by Not Acting
20140825,On To-Do List: Deposit Cash in Bitcoin A.T.M.
20140821,More Comments Invited for Proposed Bitcoin Rules
20140820,Chain a Bitcoin Start-Up Raises $9.5 Million Led by Khosla Ventures
20140819,Overstock to Allow International Customers to Pay in Bitcoin
20140818,Bitcoin's Price Falls 12% to Lowest Value Since May
20140814,For Merchants Bitcoin Shows More Pop Than Potential
20140811,Consumer Financial Protection Bureau Warns on Bitcoins
20140806,Bitcoin Foundation Seeks More Time to Address Virtual Currency Rules
20140729,Proposed Rules Expose Rifts Among Bitcoin Enthusiasts
20140718,Dell Begins Accepting Bitcoin
20140703,Daily Report: Winner of Bitcoin Auction Seeks to Increase Currency's Use in Emerging Markets
20140702,Winner of Bitcoin Auction Tim Draper Plans to Expand Currency's Use
20140701,Single Winner of All Bitcoins in U.S. Auction
20140630,After Bitcoin Auction Winning Bidders Remain Elusive
20140626,U.S. Prepares for Sale of Bitcoins Seized in Its Raid on Silk Road
20140622,The Week Ahead: AT&T-DirecTV Hearing and First-Quarter Growth
20140618,List of Potential Bitcoin Bidders Is Accidentally Released
20140616,Bitcoin Security Firm BitGo Raises $12 Million
20140529,Dish Network Says It Will Accept Bitcoin
20140509,Colorado Lawmaker to Accept Donations in Bitcoin
20140508,Winklevoss Twins to List Bitcoin Fund on Nasdaq
20140508,Election Commission Votes to Allow Bitcoin Donations
20140422,Barter Haggle Close Rest
20140416,In Disarray Mt. Gox Signals a Move Toward Liquidation
20140404,My Bitcoin Befuddlement
20140402,How to Explain Bitcoin to Your Mom!
20140401,A Revolution in Money
20140401,Where’s Satoshi Nakamoto?
20140401,To Instill Love of Bitcoin Backers Work to Make It Safe
20140401,Essay: The Real Competition to Virtual Currency
20140401,Consumers Are Still Seeing Seams in the Mobile Wallet
20140331,Makers of Bitcoin A.T.M.'s See a Not-Quite-Cashless Future
20140331,Starting an Overdue Conversation About Money
20140328,Bitcoin at a 'Fork in the Road' Analyst Says
20140326,Taxes Won't Kill Bitcoin but Tax Reporting Might
20140326,Start-Up Unveils Bitcoin Payments Product
20140326,Mt. Gox Seeks Advice From Japanese Police
20140325,I.R.S. Takes a Position on Bitcoin: It's Property
20140321,Mt. Gox Says It Found Missing Bitcoin Worth About $116 Million
20140320,Daily Report: Entrepreneurs in Hong Kong Place Their Bets on Bitcoin
20140319,In Hong Kong Placing Their Bets on Bitcoin
20140319,Placing Their Bets on Bitcoin
20140318,Fortress Benchmark and Ribbit  Buy Stake in Pantera Bitcoin
20140317,Putative Bitcoin Founder Categorically Denies It
20140314,Start-Up Seeks to Capitalize on Security Concerns for Bitcoins
20140311,A Turnaround for Bitcoin at SXSW
20140311,Will the Real Satoshi Nakamoto Please Stand Up?
20140311,Virtual Exchange Plans Are Sought in New York
20140311,Bitcoin Foundation Bolsters Its Ranks
20140310,At SXSW Conference a Mother Presses Her Son's Case
20140310,Morgan Stanley Chief Calls Bitcoin 'Surreal'
20140307,Newsweek Returns to Print and Sets Off a Bitcoin Storm
20140307,Bitcoin's Purported Founder Speaks Out
20140307,Bitcoin’s Purported Founder Speaks Out
20140307,Times Minute | Highlights From CPAC
20140307,Times Minute | Highlights From CPAC
20140307,Daily Report: Mystery Swirls Around Unmasking of Bitcoin Inventor
20140306,Japan Won't Impose Banking Laws on Bitcoin
20140306,Bitcoin's Mysterious Creator Is Said to Be Identified
20140306,Bitcoin Is a Protocol. Bitcoin Is a Brand.
20140306,Daily Report: To Ensure a Secure Future Bitcoin Might Need Oversight
20140305,For Bitcoin Secure Future Might Need Oversight
20140305,Plaintiffs in Suit Seek to Freeze Mt. Gox's U.S. Assets
20140305,Japan Said to Be Ready to Impose Bitcoin Rules
20140304,Silk Road Shut Down in Fall Had Digital Outpost in Pennsylvania
20140303,Bitcoin Loss Highlights Elusive Paths of Regulation
20140303,Britain Drops Plan to Tax Trading of Bitcoins
20140301,In Search of a Stable Electronic Currency
20140301,The Chatter for Sunday March. 2
20140301,The Bitcoin Blasphemy
20140228,Fortress Discloses a Paper Loss on Bitcoin
20140228,Daily Report: Mt. Gox Having Lost Essentially All Bitcoins Files for Bankruptcy
20140228,Erosion of Faith Was Death Knell for Mt. Gox
20140226,Now Nations Mull the Ways to Regulate Bitcoin
20140226,Daily Report: As Mt. Gox Falls Bitcoin Looks to the Future
20140225,Trading Site Failure Stirs Ire and Hope for Bitcoin
20140225,No Bailout for Bitcoin Holders
20140225,Defending Bitcoin Andreessen Says Mt. Gox Is 'Like MF Global'
20140225,Daily Report: Bitcoin World Is Shaken by Apparent Theft at Exchange
20140225,No Access to Mt. Gox Site
20140225,Apparent Theft at Mt. Gox Shakes Bitcoin World
20140224,Facebook Stock Not So Different Than Bitcoin
20140224,Chief of Mt. Gox Resigns From Bitcoin Foundation
20140219,Winklevoss Brothers Offer an Index to Track Price of Bitcoin
20140217,Regulators and Hackers Put Bitcoin to the Test
20140211,Daily Report: Software Error Shakes Bitcoin Exchange
20140210,Some Errors in Software at Exchange for Bitcoins
20140207,Rewards Program Tries Bitcoin
20140206,Legal Troubles Barely Subdue a Bitcoin Evangelist's Sermons
20140205,Apple Takes Down a Bitcoin App
20140203,More Bitcoin Regulation Is Inevitable
20140129,Law Enforcement Strikes Back in Bitcoin Hearing
20140128,A Swipe at Traditional Banking at a Forum Illuminating Bitcoin
20140127,Bitcoin Figure Is Accused of Conspiring to Launder Money
20140127,Bitcoin and the Fictions of Money
20140124,Bitcoin Is Not Yet Ready for the Real World
20140122,Bitcoin a Fool's Gold Standard
20140121,Why Bitcoin Matters
20140118,Eagle Scout. Idealist. Drug Trafficker?
20140117,Sacramento Kings to Accept Bitcoin Payments
20140108,Five Lessons From Bitcoin
20140108,Chinese E-Commerce Giant Alibaba to Ban Bitcoins on Its Sites
20131226,Overstock to Embrace Bitcoin Giving the Currency a Lift
20131223,Bits and Barbarism
20131222,Disruptions: Betting on a Coin With No Realm
20131221,Into the Bitcoin Mines
20131221,Mining for Bitcoins in Iceland
20131219,Daily Report: Government Actions Put Pressure on Bitcoin
20131219,Chinese Bitcoin Investors Fret as Value of Virtual Currency Plunges
20131218,Bitcoin Nationless Currency Still Feels Governments’ Pinch
20131218,Bitcoin Mania Heads Into the Endgame
20131218,Bitcoin Value Sinks After Chinese Exchange Move
20131215,Taking a Closer Look at Marine Life
20131214,The Bitcoin Ideology
20131213,European Union Warns on Bitcoin
20131212,$25 Million in Financing for Coinbase
20131209,For Bitcoin Square Peg Meets Round Hole Under the Law
20131206,Pictures From the Week in Business
20131206,Today in Small Business: ‘The Waiter Terminator’
20131205,In the Murky World of Bitcoin Fraud Is Quicker Than the Law
20131205,Shaking the Bitcoin Believers
20131205,For Bitcoin a Setback in China and an Endorsement on Wall Street
20131205,China Restricts Banks’ Use of Bitcoin
20131127,A Surge in Value for Bitcoin and Currencies Similar to It
20131127,Researchers Retract Report That Linked Bitcoin Creator and Silk Road
20131127,A Prediction: Bitcoin Is Doomed to Fail
20131127,Much Ado About Bitcoin
20131125,Render Unto Caesar but Who Backs Bitcoin?
20131125,Daily Report: Virtual Currencies Seek to Challenge Bitcoin
20131124,Bitcoin Believers
20131124,In Bitcoin’s Orbit: Rival Virtual Currencies Vie for Acceptance
20131123,Study Suggests Link Between Dread Pirate Roberts and Satoshi Nakamoto
20131123,A Bitcoin Puzzle: Heads It’s Excitement. Tails It’s Anxiety.
20131122,Bitcoin Gets a Cautious Nod From China’s Central Bank
20131121,All That Glitters Online
20131119,Mapping Bitcoin
20131118,Regulators See Value in Bitcoin and Investors Hasten to Agree
20131118,Researchers Work to Add More Anonymity to Bitcoin
20131117,Bitcoin Scandal Reflects Popularity of Virtual Currency in China
20131114,Virtual Money Draws Notice of Regulators
20131111,The Rush to Coin Virtual Money With Real Value
20131030,An Abridged History of Bitcoin
20131030,Bitcoin Pursues the Mainstream
20131008,Inquiry Into Illicit Online Marketplace Extends to Britain
20131002,Arrest in U.S. Shuts Down a Black Market for Narcotics
20130928,The Chatter for Sunday September 29
20130925,Fund to Let Investors Bet on Price of Bitcoins
20130814,Daily Report: Bitcoin and Other Virtual Currencies Face Legal Scrutiny
20130813,New York and U.S. Open Investigations Into Bitcoins
20130731,Virtual Currency Gains Ground in Actual World
20130702,Daily Report: A Plan to Bring Bitcoins Closer to Everyday Investors
20130701,For Starters It’s Not a Coin
20130701,Winklevoss Twins Plan First Fund for Bitcoins
20130529,Anonymous Payment Schemes Thriving on Web
20130529,Unlike Liberty Reserve Bitcoin Is Not Anonymous — Yet
20130506,A Push for a Bitcoin Buttonwood
20130415,The Antisocial Network
20130412,Never Mind Facebook; Winklevoss Twins Rule in Digital Money
20130411,Never Mind Facebook; Winklevoss Twins Rule in Digital Money
20130407,Bubble or No This Virtual Currency Is a Lot of Coin in Any Realm
20120116,'Good Wife' Watch: Jason Biggs Jim Cramer and Bitcoin Get in on the Action
20160502,Australian Says He Created Bitcoin
20151209,Likely Bitcoin Creator’s Home Searched
20150519,Demystifying Bitcoin’s Labyrinth
20171117,Mike and Nathaniel’s Week in Tech: Everybody Loves Bitcoin
20171108,Bitcoin Expansion Is Off the Table. At Least for Now.
20171106,Hedge Funds Push the Price of Bitcoin to New Highs
20171106,Donors Use Bitcoin for Tax Benefits and to Keep Tabs on Spending
20171027,How Floyd Mayweather Helped Two Young Guys From Miami Get Rich
20171027,An Explanation of Initial Coin Offerings
20171001,Understanding Ethereum Bitcoin’s Virtual Cousin
20171001,What Is Bitcoin and How Does It Work?
20171001,Bitcoin Bug Bites Japan and South Korea as China Clamps Down
20170929,Digital Currencies Are Growing on Faltering Foundations
20170918,What Jamie Dimon Is Missing About Bitcoin
20170915,Is There a Cryptocurrency Bubble? Just Ask Doge.
20170914,China Bitcoin Exchange to Stop Trading Virtual Currencies Amid Crackdown
20170913,In China’s Hinterlands Workers Mine Bitcoin for a Digital Fortune
20170814,Bitcoin Price Surges After Agreement on Software Update
20170812,Mike’s and Katie’s Week in Tech: Uber Infighting and the Google Memo
20170803,Grandpa Had a Pension. This Generation Has Cryptocurrency.
20170727,Bitcoin Exchange Was a Nexus of Crime Indictment Says
20170725,Some Bitcoin Backers Are Defecting to Create a Rival Currency
20170706,AlphaBay Biggest Online Drug Bazaar Goes Dark and Questions Swirl
